{"stats":{"minecraft:killed":{"minecraft:pillager":2,"minecraft:cave_spider":1},"minecraft:used":{"minecraft:stone_axe":7,"minecraft:firework_rocket":2,"minecraft:elytra":1,"securitycraft:retinal_scanner":1,"minecraft:wooden_pickaxe":11},"minecraft:mined":{"minecraft:coal_ore":4,"minecraft:birch_log":2,"minecraft:stone":7,"minecraft:birch_leaves":3,"minecraft:oak_leaves":1},"minecraft:custom":{"minecraft:time_since_rest":114,"minecraft:crouch_one_cm":29,"minecraft:deaths":2,"minecraft:sprint_one_cm":8986,"minecraft:play_time":16751,"minecraft:damage_taken":500,"minecraft:walk_one_cm":24305,"minecraft:sneak_time":3,"minecraft:mob_kills":3,"minecraft:aviate_one_cm":41437,"minecraft:jump":170,"minecraft:damage_dealt":565,"minecraft:leave_game":2,"minecraft:time_since_death":0,"minecraft:total_world_time":16751,"minecraft:interact_with_crafting_table":4,"minecraft:fall_one_cm":7240,"minecraft:fly_one_cm":18300},"minecraft:picked_up":{"minecraft:birch_log":2,"minecraft:firework_rocket":39,"minecraft:raw_iron":12,"minecraft:stone_axe":1,"minecraft:stone_pickaxe":1,"securitycraft:retinal_scanner":1,"securitycraft:keycard_lv5":2,"minecraft:spider_eye":2,"minecraft:string":4,"minecraft:coal":4,"minecraft:cobblestone":10,"minecraft:elytra":1},"minecraft:crafted":{"minecraft:birch_planks":8,"minecraft:stone_axe":1,"minecraft:stick":8,"minecraft:wooden_pickaxe":1,"minecraft:stone_pickaxe":1},"minecraft:killed_by":{"securitycraft:sentry":2}},"DataVersion":3465}