{"stats":{"minecraft:crafted":{"minecraft:birch_planks":8,"minecraft:stone_axe":1,"minecraft:stick":8,"minecraft:wooden_pickaxe":1,"minecraft:stone_pickaxe":1},"minecraft:custom":{"minecraft:time_since_rest":4154,"minecraft:play_time":4154,"minecraft:sprint_one_cm":3675,"minecraft:damage_taken":60,"minecraft:walk_one_cm":7352,"minecraft:jump":75,"minecraft:damage_dealt":155,"minecraft:leave_game":1,"minecraft:time_since_death":4154,"minecraft:total_world_time":4154,"minecraft:fall_one_cm":3491,"minecraft:interact_with_crafting_table":4,"minecraft:fly_one_cm":8635},"minecraft:mined":{"minecraft:coal_ore":4,"minecraft:birch_log":2,"minecraft:stone":7,"minecraft:birch_leaves":3,"minecraft:oak_leaves":1},"minecraft:used":{"minecraft:stone_axe":1,"minecraft:wooden_pickaxe":11},"minecraft:picked_up":{"minecraft:birch_log":2,"minecraft:raw_iron":6,"minecraft:coal":4,"minecraft:cobblestone":10}},"DataVersion":3465}