{"stats":{"minecraft:crafted":{"minecraft:oak_planks":16,"minecraft:crafting_table":1,"minecraft:stick":4,"minecraft:wooden_pickaxe":1,"minecraft:stone_pickaxe":1},"minecraft:dropped":{"minecraft:cobblestone":3,"minecraft:raw_iron":11},"minecraft:custom":{"minecraft:time_since_rest":6566,"minecraft:play_time":6566,"minecraft:sprint_one_cm":503,"minecraft:damage_taken":215,"minecraft:walk_one_cm":13162,"minecraft:sneak_time":7,"minecraft:drop":14,"minecraft:jump":50,"minecraft:damage_dealt":20,"minecraft:leave_game":1,"minecraft:time_since_death":6566,"minecraft:total_world_time":6566,"minecraft:interact_with_crafting_table":2,"minecraft:fall_one_cm":1087,"minecraft:fly_one_cm":468},"minecraft:mined":{"minecraft:oak_log":4,"minecraft:iron_ore":6,"minecraft:stone":17,"minecraft:oak_leaves":5},"minecraft:used":{"minecraft:cobblestone":11,"minecraft:crafting_table":1,"minecraft:stone_pickaxe":14,"minecraft:wooden_pickaxe":10},"minecraft:picked_up":{"minecraft:raw_iron":11,"minecraft:oak_log":4,"minecraft:cobblestone":17}},"DataVersion":3465}