{"stats":{"minecraft:killed_by":{"minecraft:zombie":1},"minecraft:used":{"securitycraft:keycard_reader":1,"minecraft:diorite":10,"minecraft:firework_rocket":227,"securitycraft:door_indestructible_iron_item":3,"minecraft:stone_pickaxe":14,"minecraft:oak_planks":29,"minecraft:elytra":1,"minecraft:wooden_pickaxe":10,"securitycraft:scanner_trapdoor":2,"securitycraft:keypad_door_item":1,"securitycraft:sentry":1,"securitycraft:sonic_security_system":1,"minecraft:cobblestone":11,"securitycraft:redstone_module":2,"securitycraft:storage_module":2,"minecraft:crafting_table":1,"securitycraft:reinforced_crying_obsidian":24,"securitycraft:laser_block":2,"minecraft:cave_spider_spawn_egg":1,"securitycraft:retinal_scanner":4,"securitycraft:keycard_lock":3,"securitycraft:alarm":10,"minecraft:zombified_piglin_spawn_egg":4,"securitycraft:inventory_scanner":7,"minecraft:pillager_spawn_egg":2},"minecraft:dropped":{"minecraft:stone_axe":1,"minecraft:jungle_log":2,"minecraft:raw_iron":11,"minecraft:cobblestone":3,"securitycraft:taser":1,"securitycraft:keycard_lv5":2,"minecraft:elytra":1,"securitycraft:retinal_scanner":2,"minecraft:firework_rocket":39},"minecraft:picked_up":{"minecraft:stick":2,"securitycraft:keycard_lock":1,"minecraft:raw_iron":11,"securitycraft:taser":1,"minecraft:wooden_pickaxe":1,"minecraft:oak_log":4,"securitycraft:retinal_scanner":1,"minecraft:elytra":1,"minecraft:firework_rocket":37,"minecraft:stone_axe":2,"minecraft:stone_pickaxe":2,"minecraft:oak_planks":7,"securitycraft:keycard_lv5":1,"minecraft:cobblestone":17},"minecraft:crafted":{"minecraft:oak_planks":16,"minecraft:crafting_table":1,"minecraft:stick":4,"minecraft:wooden_pickaxe":1,"minecraft:stone_pickaxe":1},"minecraft:custom":{"minecraft:time_since_rest":51975,"minecraft:sprint_one_cm":1839,"minecraft:damage_taken":240,"minecraft:walk_one_cm":132427,"minecraft:mob_kills":1,"minecraft:drop":60,"minecraft:damage_dealt":62,"minecraft:interact_with_crafting_table":2,"minecraft:fly_one_cm":80525,"minecraft:crouch_one_cm":145,"minecraft:play_time":59711,"minecraft:deaths":1,"minecraft:sneak_time":313,"minecraft:aviate_one_cm":664392,"minecraft:jump":329,"minecraft:walk_on_water_one_cm":300,"minecraft:leave_game":3,"minecraft:time_since_death":51932,"minecraft:climb_one_cm":53,"minecraft:total_world_time":59711,"minecraft:fall_one_cm":1087},"minecraft:mined":{"minecraft:iron_ore":6,"minecraft:oak_log":4,"minecraft:stone":17,"minecraft:oak_leaves":5}},"DataVersion":3465}